block_bytes,bytes_per_transfer,case_name,device_id,direction,dtype,gbps,iters,layers,mean_ms,measured_direction,num_cpu_blocks,num_gpu_blocks,p50_ms,p90_ms,p95_ms,p99_ms,pattern,selected_blocks,status,wall_mean_ms,warmup
4096,262144,worker_local_copy,0,h2d,float16,0.18452579951791864,5,1,1.420636034011841,h2d,4096,4096,1.206380009651184,1.920136022567749,1.927068018913269,1.9326136159896852,random,32,pass,1.8233689945191145,2
4096,262144,worker_local_copy,0,d2h,float16,0.15509753702017043,5,1,1.6901880264282225,d2h,4096,4096,1.818060040473938,1.9097360372543335,1.91428804397583,1.9179296493530273,random,32,pass,2.118868427351117,2
4096,262144,worker_local_copy,0,bidirectional,float16,0.12025351335609767,5,1,2.1799279928207396,bidirectional_d2h,4096,4096,2.0989000797271733,2.4450439929962156,2.5328520298004147,2.6030984592437743,random,32,pass,3.0223567970097065,2
4096,262144,worker_local_copy,0,bidirectional,float16,0.10703249995819011,5,1,2.4492000102996823,bidirectional_h2d,4096,4096,2.5868599414825444,2.6674799919128422,2.6834599971771245,2.69624400138855,random,32,pass,3.0223567970097065,2
4096,524288,worker_local_copy,0,bidirectional,float16,0.17346992271684336,5,1,3.0223567970097065,bidirectional_combined_wall,4096,4096,2.9814341105520725,3.2713800203055143,3.350875014439225,3.414471009746194,random,32,pass,3.0223567970097065,2
4096,1048576,worker_local_copy,0,h2d,float16,0.170507037093875,5,1,6.149752044677734,h2d,4096,4096,6.719639778137207,6.803768062591553,6.8125240325927745,6.81952880859375,random,128,pass,6.53060507029295,2
4096,1048576,worker_local_copy,0,d2h,float16,0.17437323362155072,5,1,6.013399982452393,d2h,4096,4096,6.227880001068115,6.658855915069581,6.77408790588379,6.866273498535157,random,128,pass,6.463750405237079,2
4096,1048576,worker_local_copy,0,bidirectional,float16,0.09671368932179573,5,1,10.842063903808594,bidirectional_d2h,4096,4096,10.359919548034668,11.671979904174805,11.76963996887207,11.847768020629884,random,128,pass,12.560149794444442,2
4096,1048576,worker_local_copy,0,bidirectional,float16,0.08702072076201581,5,1,12.049727821350098,bidirectional_h2d,4096,4096,12.129199981689453,12.359163665771485,12.403091621398927,12.438233985900878,random,128,pass,12.560149794444442,2
4096,2097152,worker_local_copy,0,bidirectional,float16,0.1669687093164768,5,1,12.560149794444442,bidirectional_combined_wall,4096,4096,12.615274172276258,12.984372815117238,13.03026145324111,13.066972363740206,random,128,pass,12.560149794444442,2
16384,1048576,worker_local_copy,0,h2d,float16,0.352744245906626,5,1,2.9726239681243896,h2d,4096,4096,1.548200011253357,5.716439914703368,6.340439891815185,6.839639873504638,random,32,pass,3.3671763725578785,2
16384,1048576,worker_local_copy,0,d2h,float16,0.30503958003471454,5,1,3.4375080108642577,d2h,4096,4096,3.7244999408721924,4.433068084716797,4.489704036712647,4.535012798309326,random,32,pass,3.8968505803495646,2
16384,1048576,worker_local_copy,0,bidirectional,float16,0.15573450268656525,5,1,6.733100128173829,bidirectional_d2h,4096,4096,6.636240005493164,8.488236236572266,9.102068328857422,9.593134002685547,random,32,pass,7.603935385122895,2
16384,1048576,worker_local_copy,0,bidirectional,float16,0.19251032414788946,5,1,5.446855926513672,bidirectional_h2d,4096,4096,5.180059909820557,6.183116054534912,6.4597681045532225,6.681089744567871,random,32,pass,7.603935385122895,2
16384,2097152,worker_local_copy,0,bidirectional,float16,0.27579824048782414,5,1,7.603935385122895,bidirectional_combined_wall,4096,4096,7.5095659121870995,9.363938076421618,9.96688506565988,10.449242657050492,random,32,pass,7.603935385122895,2
16384,4194304,worker_local_copy,0,h2d,float16,0.28374378291907587,5,1,14.782011985778809,h2d,4096,4096,14.759539604187012,15.133292198181154,15.221196174621582,15.291519355773925,random,128,pass,15.176776284351945,2
16384,4194304,worker_local_copy,0,d2h,float16,0.2879785553912184,5,1,14.564640045166017,d2h,4096,4096,14.567999839782715,15.076424217224123,15.198752212524415,15.29661460876465,random,128,pass,15.037704771384597,2
16384,4194304,worker_local_copy,0,bidirectional,float16,0.2071871428605347,5,1,20.244036102294924,bidirectional_d2h,4096,4096,19.64707946777344,24.723072433471682,24.841256332397464,24.935803451538085,random,128,pass,24.608066538348794,2
16384,4194304,worker_local_copy,0,bidirectional,float16,0.18089716340716297,5,1,23.18612365722656,bidirectional_h2d,4096,4096,22.731639862060547,24.361891555786137,24.725435638427737,25.016270904541017,random,128,pass,24.608066538348794,2
16384,8388608,worker_local_copy,0,bidirectional,float16,0.3408885451007431,5,1,24.608066538348794,bidirectional_combined_wall,4096,4096,25.547354016453028,25.955294026061893,26.078617433086038,26.177276158705354,random,128,pass,24.608066538348794,2
65536,4194304,worker_local_copy,0,h2d,float16,0.4660070632598428,5,1,9.000515937805176,h2d,4096,4096,9.013099670410156,11.647019958496095,12.198759841918944,12.640151748657226,random,32,pass,9.397510020062327,2
65536,4194304,worker_local_copy,0,d2h,float16,0.712501270594226,5,1,5.886731958389282,d2h,4096,4096,5.822460174560547,8.151435852050781,8.392047882080078,8.584537506103516,random,32,pass,6.341754784807563,2
65536,4194304,worker_local_copy,0,bidirectional,float16,0.28618419301192705,5,1,14.655959701538084,bidirectional_d2h,4096,4096,14.29281997680664,17.292075347900393,18.20854721069336,18.941724700927736,random,32,pass,15.563132707029581,2
65536,4194304,worker_local_copy,0,bidirectional,float16,0.3317471124618814,5,1,12.643076133728027,bidirectional_h2d,4096,4096,14.442159652709963,17.59534454345703,18.57609272003174,19.360691261291507,random,32,pass,15.563132707029581,2
65536,8388608,worker_local_copy,0,bidirectional,float16,0.5390051063569624,5,1,15.563132707029581,bidirectional_combined_wall,4096,4096,15.174704836681485,18.2149447966367,19.135837350040674,19.872551392763853,random,32,pass,15.563132707029581,2
65536,16777216,worker_local_copy,0,h2d,float16,0.814370248222352,5,1,20.601459884643557,h2d,4096,4096,20.503759384155273,22.25538787841797,22.532263565063477,22.753764114379887,random,128,pass,21.014751447364688,2
65536,16777216,worker_local_copy,0,d2h,float16,0.8438005825047991,5,1,19.8829158782959,d2h,4096,4096,19.512479782104492,20.78367195129395,21.176115798950192,21.490070877075194,random,128,pass,20.414934400469065,2
65536,16777216,worker_local_copy,0,bidirectional,float16,0.44096640355855937,5,1,38.046472167968744,bidirectional_d2h,4096,4096,37.78268051147461,40.38328399658203,40.77131195068359,41.08173431396485,random,128,pass,39.25402476452291,2
65536,16777216,worker_local_copy,0,bidirectional,float16,0.44429539345749525,5,1,37.761399841308595,bidirectional_h2d,4096,4096,37.45069885253906,40.52148742675781,40.707723236083986,40.856711883544925,random,128,pass,39.25402476452291,2
65536,33554432,worker_local_copy,0,bidirectional,float16,0.8548023343156878,5,1,39.25402476452291,bidirectional_combined_wall,4096,4096,38.977978052571416,41.615125723183155,42.009226279333234,42.3245067242533,random,128,pass,39.25402476452291,2
