backend,case_name,device_id,dst_blocks,dst_pattern,fragment_bytes,gbps,iters,mean_ms,num_pages,p50_ms,p90_ms,p95_ms,p99_ms,returncode,selected_blocks,src_pattern,status,useful_mib,warmup
mapped-host gather op,fragment_size_sweep,0,1024,random,128,5.01,3,0.026,4096,0.022,0.032,0.034,0.035,0,1024,random,pass,0.12,1
aclrtMemcpyAsync/page,fragment_size_sweep,0,1024,random,128,0.0,3,28.999,4096,29.067,29.43,29.476,29.512,0,1024,random,pass,0.12,1
aclrtMemcpyAsync/contig,fragment_size_sweep,0,1024,random,128,1.0,3,0.131,4096,0.056,0.24,0.264,0.282,0,1024,random,pass,0.12,1
HBM gather op,fragment_size_sweep,0,1024,random,128,5.96,3,0.022,4096,0.017,0.029,0.03,0.031,0,1024,random,pass,0.12,1
mapped-host gather op,fragment_size_sweep,0,1024,random,512,8.95,3,0.059,4096,0.056,0.064,0.065,0.066,0,1024,random,pass,0.5,1
aclrtMemcpyAsync/page,fragment_size_sweep,0,1024,random,512,0.02,3,31.731,4096,31.353,32.964,33.166,33.327,0,1024,random,pass,0.5,1
aclrtMemcpyAsync/contig,fragment_size_sweep,0,1024,random,512,6.94,3,0.076,4096,0.072,0.081,0.082,0.083,0,1024,random,pass,0.5,1
HBM gather op,fragment_size_sweep,0,1024,random,512,29.09,3,0.018,4096,0.017,0.02,0.02,0.02,0,1024,random,pass,0.5,1
mapped-host gather op,fragment_size_sweep,0,1024,random,1024,9.57,3,0.11,4096,0.113,0.113,0.113,0.113,0,1024,random,pass,1.0,1
aclrtMemcpyAsync/page,fragment_size_sweep,0,1024,random,1024,0.05,3,23.09,4096,19.051,28.839,30.062,31.041,0,1024,random,pass,1.0,1
aclrtMemcpyAsync/contig,fragment_size_sweep,0,1024,random,1024,0.11,3,9.722,4096,11.109,15.834,16.425,16.897,0,1024,random,pass,1.0,1
HBM gather op,fragment_size_sweep,0,1024,random,1024,58.73,3,0.018,4096,0.017,0.019,0.02,0.02,0,1024,random,pass,1.0,1
mapped-host gather op,fragment_size_sweep,0,1024,random,4096,10.64,3,0.394,4096,0.39,0.401,0.402,0.403,0,1024,random,pass,4.0,1
aclrtMemcpyAsync/page,fragment_size_sweep,0,1024,random,4096,0.09,3,47.18,4096,47.155,47.432,47.467,47.495,0,1024,random,pass,4.0,1
aclrtMemcpyAsync/contig,fragment_size_sweep,0,1024,random,4096,0.46,3,9.034,4096,8.15,10.841,11.178,11.447,0,1024,random,pass,4.0,1
HBM gather op,fragment_size_sweep,0,1024,random,4096,204.47,3,0.021,4096,0.018,0.024,0.025,0.026,0,1024,random,pass,4.0,1
mapped-host gather op,fragment_size_sweep,0,1024,random,16384,10.84,3,1.547,4096,1.538,1.563,1.566,1.569,0,1024,random,pass,16.0,1
aclrtMemcpyAsync/page,fragment_size_sweep,0,1024,random,16384,0.12,3,142.375,4096,141.954,143.32,143.491,143.628,0,1024,random,pass,16.0,1
aclrtMemcpyAsync/contig,fragment_size_sweep,0,1024,random,16384,5.79,3,2.899,4096,3.194,3.228,3.233,3.236,0,1024,random,pass,16.0,1
HBM gather op,fragment_size_sweep,0,1024,random,16384,588.26,3,0.029,4096,0.028,0.029,0.029,0.029,0,1024,random,pass,16.0,1
mapped-host gather op,fragment_size_sweep,0,1024,random,65536,10.97,3,6.117,4096,6.114,6.123,6.124,6.125,0,1024,random,pass,64.0,1
aclrtMemcpyAsync/page,fragment_size_sweep,0,1024,random,65536,0.89,3,75.593,4096,31.334,137.628,150.915,161.544,0,1024,random,pass,64.0,1
aclrtMemcpyAsync/contig,fragment_size_sweep,0,1024,random,65536,7.02,3,9.56,4096,10.687,10.725,10.73,10.733,0,1024,random,pass,64.0,1
HBM gather op,fragment_size_sweep,0,1024,random,65536,972.87,3,0.069,4096,0.069,0.069,0.07,0.07,0,1024,random,pass,64.0,1
mapped-host gather op,fragment_size_sweep,0,1024,random,1048576,11.0,3,97.609,4096,97.59,97.651,97.658,97.664,0,1024,random,pass,1024.0,1
aclrtMemcpyAsync/page,fragment_size_sweep,0,1024,random,1048576,2.22,3,483.47,4096,421.024,838.443,890.62,932.362,0,1024,random,pass,1024.0,1
aclrtMemcpyAsync/contig,fragment_size_sweep,0,1024,random,1048576,13.62,3,78.821,4096,79.711,80.646,80.762,80.856,0,1024,random,pass,1024.0,1
HBM gather op,fragment_size_sweep,0,1024,random,1048576,450.06,3,2.386,4096,2.388,2.394,2.394,2.395,0,1024,random,pass,1024.0,1
mapped-host gather op,fragment_count_sweep,0,1,random,4096,0.25,3,0.016,4096,0.009,0.028,0.031,0.033,0,1,random,pass,0.0,1
aclrtMemcpyAsync/page,fragment_count_sweep,0,1,random,4096,0.08,3,0.053,4096,0.049,0.063,0.064,0.066,0,1,random,pass,0.0,1
aclrtMemcpyAsync/contig,fragment_count_sweep,0,1,random,4096,0.13,3,0.031,4096,0.03,0.033,0.033,0.034,0,1,random,pass,0.0,1
HBM gather op,fragment_count_sweep,0,1,random,4096,0.25,3,0.017,4096,0.017,0.024,0.025,0.025,0,1,random,pass,0.0,1
mapped-host gather op,fragment_count_sweep,0,8,random,4096,1.07,3,0.031,4096,0.019,0.048,0.052,0.055,0,8,random,pass,0.03,1
aclrtMemcpyAsync/page,fragment_count_sweep,0,8,random,4096,0.05,3,0.64,4096,0.255,1.201,1.319,1.414,0,8,random,pass,0.03,1
aclrtMemcpyAsync/contig,fragment_count_sweep,0,8,random,4096,0.87,3,0.038,4096,0.038,0.04,0.04,0.041,0,8,random,pass,0.03,1
HBM gather op,fragment_count_sweep,0,8,random,4096,2.06,3,0.016,4096,0.015,0.017,0.017,0.017,0,8,random,pass,0.03,1
mapped-host gather op,fragment_count_sweep,0,32,random,4096,5.62,3,0.023,4096,0.019,0.03,0.032,0.033,0,32,random,pass,0.12,1
aclrtMemcpyAsync/page,fragment_count_sweep,0,32,random,4096,0.13,3,1.026,4096,1.005,1.061,1.068,1.073,0,32,random,pass,0.12,1
aclrtMemcpyAsync/contig,fragment_count_sweep,0,32,random,4096,2.2,3,0.06,4096,0.062,0.063,0.063,0.063,0,32,random,pass,0.12,1
HBM gather op,fragment_count_sweep,0,32,random,4096,7.11,3,0.018,4096,0.019,0.02,0.02,0.02,0,32,random,pass,0.12,1
mapped-host gather op,fragment_count_sweep,0,128,random,4096,8.73,3,0.06,4096,0.054,0.07,0.072,0.073,0,128,random,pass,0.5,1
aclrtMemcpyAsync/page,fragment_count_sweep,0,128,random,4096,0.14,3,3.636,4096,3.654,3.703,3.709,3.714,0,128,random,pass,0.5,1
aclrtMemcpyAsync/contig,fragment_count_sweep,0,128,random,4096,3.78,3,0.139,4096,0.137,0.144,0.145,0.146,0,128,random,pass,0.5,1
HBM gather op,fragment_count_sweep,0,128,random,4096,33.24,3,0.016,4096,0.016,0.02,0.021,0.021,0,128,random,pass,0.5,1
mapped-host gather op,fragment_count_sweep,0,512,random,4096,10.34,3,0.203,4096,0.199,0.21,0.212,0.213,0,512,random,pass,2.0,1
aclrtMemcpyAsync/page,fragment_count_sweep,0,512,random,4096,0.1,3,20.79,4096,20.747,21.101,21.145,21.18,0,512,random,pass,2.0,1
aclrtMemcpyAsync/contig,fragment_count_sweep,0,512,random,4096,0.6,3,3.505,4096,3.08,4.27,4.419,4.538,0,512,random,pass,2.0,1
HBM gather op,fragment_count_sweep,0,512,random,4096,114.14,3,0.018,4096,0.014,0.025,0.026,0.028,0,512,random,pass,2.0,1
mapped-host gather op,fragment_count_sweep,0,2048,random,4096,10.83,3,0.774,4096,0.77,0.783,0.784,0.785,0,2048,random,pass,8.0,1
aclrtMemcpyAsync/page,fragment_count_sweep,0,2048,random,4096,0.13,3,62.312,4096,62.342,62.879,62.946,63.0,0,2048,random,pass,8.0,1
aclrtMemcpyAsync/contig,fragment_count_sweep,0,2048,random,4096,2.56,3,3.279,4096,3.138,3.8,3.883,3.949,0,2048,random,pass,8.0,1
HBM gather op,fragment_count_sweep,0,2048,random,4096,320.26,3,0.026,4096,0.023,0.03,0.031,0.032,0,2048,random,pass,8.0,1
mapped-host gather op,fragment_count_sweep,0,1,random,16384,0.74,3,0.022,4096,0.021,0.031,0.032,0.033,0,1,random,pass,0.02,1
aclrtMemcpyAsync/page,fragment_count_sweep,0,1,random,16384,0.43,3,0.038,4096,0.036,0.042,0.042,0.043,0,1,random,pass,0.02,1
aclrtMemcpyAsync/contig,fragment_count_sweep,0,1,random,16384,0.0,3,7.764,4096,0.055,18.568,20.882,22.733,0,1,random,pass,0.02,1
HBM gather op,fragment_count_sweep,0,1,random,16384,1.12,3,0.015,4096,0.016,0.019,0.019,0.02,0,1,random,pass,0.02,1
mapped-host gather op,fragment_count_sweep,0,8,random,16384,4.33,3,0.03,4096,0.022,0.042,0.044,0.046,0,8,random,pass,0.12,1
aclrtMemcpyAsync/page,fragment_count_sweep,0,8,random,16384,0.04,3,3.412,4096,0.513,7.592,8.477,9.185,0,8,random,pass,0.12,1
aclrtMemcpyAsync/contig,fragment_count_sweep,0,8,random,16384,1.22,3,0.107,4096,0.112,0.127,0.129,0.13,0,8,random,pass,0.12,1
HBM gather op,fragment_count_sweep,0,8,random,16384,15.12,3,0.009,4096,0.006,0.013,0.014,0.015,0,8,random,pass,0.12,1
mapped-host gather op,fragment_count_sweep,0,32,random,16384,8.92,3,0.059,4096,0.054,0.066,0.068,0.069,0,32,random,pass,0.5,1
aclrtMemcpyAsync/page,fragment_count_sweep,0,32,random,16384,0.57,3,0.925,4096,0.885,1.016,1.032,1.045,0,32,random,pass,0.5,1
aclrtMemcpyAsync/contig,fragment_count_sweep,0,32,random,16384,0.24,3,2.171,4096,0.682,4.64,5.134,5.53,0,32,random,pass,0.5,1
HBM gather op,fragment_count_sweep,0,32,random,16384,34.06,3,0.015,4096,0.016,0.022,0.023,0.023,0,32,random,pass,0.5,1
mapped-host gather op,fragment_count_sweep,0,128,random,16384,10.39,3,0.202,4096,0.199,0.208,0.209,0.21,0,128,random,pass,2.0,1
aclrtMemcpyAsync/page,fragment_count_sweep,0,128,random,16384,0.1,3,21.913,4096,21.823,22.137,22.176,22.208,0,128,random,pass,2.0,1
aclrtMemcpyAsync/contig,fragment_count_sweep,0,128,random,16384,0.54,3,3.892,4096,5.152,5.249,5.261,5.271,0,128,random,pass,2.0,1
HBM gather op,fragment_count_sweep,0,128,random,16384,137.19,3,0.015,4096,0.011,0.022,0.023,0.024,0,128,random,pass,2.0,1
mapped-host gather op,fragment_count_sweep,0,512,random,16384,10.78,3,0.778,4096,0.774,0.787,0.788,0.789,0,512,random,pass,8.0,1
aclrtMemcpyAsync/page,fragment_count_sweep,0,512,random,16384,0.07,3,124.146,4096,124.164,124.284,124.299,124.311,0,512,random,pass,8.0,1
aclrtMemcpyAsync/contig,fragment_count_sweep,0,512,random,16384,0.81,3,10.309,4096,10.295,10.473,10.495,10.513,0,512,random,pass,8.0,1
HBM gather op,fragment_count_sweep,0,512,random,16384,381.88,3,0.022,4096,0.018,0.028,0.029,0.03,0,512,random,pass,8.0,1
mapped-host gather op,fragment_count_sweep,0,2048,random,16384,10.94,3,3.068,4096,3.061,3.079,3.082,3.084,0,2048,random,pass,32.0,1
aclrtMemcpyAsync/page,fragment_count_sweep,0,2048,random,16384,0.34,3,98.868,4096,99.967,100.023,100.03,100.036,0,2048,random,pass,32.0,1
aclrtMemcpyAsync/contig,fragment_count_sweep,0,2048,random,16384,1.01,3,33.309,4096,30.238,51.992,54.712,56.887,0,2048,random,pass,32.0,1
HBM gather op,fragment_count_sweep,0,2048,random,16384,795.38,3,0.042,4096,0.042,0.043,0.043,0.043,0,2048,random,pass,32.0,1
mapped-host gather op,fragment_count_sweep,0,1,random,65536,2.49,3,0.026,4096,0.025,0.035,0.036,0.037,0,1,random,pass,0.06,1
aclrtMemcpyAsync/page,fragment_count_sweep,0,1,random,65536,0.26,3,0.253,4096,0.059,0.537,0.597,0.644,0,1,random,pass,0.06,1
aclrtMemcpyAsync/contig,fragment_count_sweep,0,1,random,65536,1.63,3,0.04,4096,0.04,0.043,0.043,0.043,0,1,random,pass,0.06,1
HBM gather op,fragment_count_sweep,0,1,random,65536,4.56,3,0.014,4096,0.015,0.019,0.019,0.02,0,1,random,pass,0.06,1
mapped-host gather op,fragment_count_sweep,0,8,random,65536,7.49,3,0.07,4096,0.062,0.082,0.084,0.086,0,8,random,pass,0.5,1
aclrtMemcpyAsync/page,fragment_count_sweep,0,8,random,65536,0.08,3,6.38,4096,7.953,8.979,9.108,9.21,0,8,random,pass,0.5,1
aclrtMemcpyAsync/contig,fragment_count_sweep,0,8,random,65536,4.92,3,0.107,4096,0.111,0.118,0.119,0.12,0,8,random,pass,0.5,1
HBM gather op,fragment_count_sweep,0,8,random,65536,40.29,3,0.013,4096,0.007,0.021,0.023,0.025,0,8,random,pass,0.5,1
mapped-host gather op,fragment_count_sweep,0,32,random,65536,9.45,3,0.222,4096,0.218,0.228,0.229,0.23,0,32,random,pass,2.0,1
aclrtMemcpyAsync/page,fragment_count_sweep,0,32,random,65536,0.57,3,3.661,4096,4.439,4.932,4.993,5.043,0,32,random,pass,2.0,1
aclrtMemcpyAsync/contig,fragment_count_sweep,0,32,random,65536,0.75,3,2.815,4096,2.437,4.899,5.207,5.453,0,32,random,pass,2.0,1
HBM gather op,fragment_count_sweep,0,32,random,65536,122.4,3,0.017,4096,0.016,0.024,0.025,0.026,0,32,random,pass,2.0,1
mapped-host gather op,fragment_count_sweep,0,128,random,65536,11.25,3,0.746,4096,0.741,0.755,0.756,0.758,0,128,random,pass,8.0,1
aclrtMemcpyAsync/page,fragment_count_sweep,0,128,random,65536,0.11,3,73.744,4096,70.2,82.636,84.19,85.434,0,128,random,pass,8.0,1
aclrtMemcpyAsync/contig,fragment_count_sweep,0,128,random,65536,0.38,3,21.874,4096,26.993,28.201,28.352,28.472,0,128,random,pass,8.0,1
HBM gather op,fragment_count_sweep,0,128,random,65536,539.81,3,0.016,4096,0.015,0.016,0.016,0.016,0,128,random,pass,8.0,1
mapped-host gather op,fragment_count_sweep,0,512,random,65536,11.34,3,2.959,4096,2.962,2.964,2.964,2.964,0,512,random,pass,32.0,1
aclrtMemcpyAsync/page,fragment_count_sweep,0,512,random,65536,0.13,3,261.908,4096,241.267,303.752,311.563,317.811,0,512,random,pass,32.0,1
aclrtMemcpyAsync/contig,fragment_count_sweep,0,512,random,65536,1.69,3,19.877,4096,21.563,28.139,28.961,29.619,0,512,random,pass,32.0,1
HBM gather op,fragment_count_sweep,0,512,random,65536,882.7,3,0.038,4096,0.038,0.038,0.038,0.039,0,512,random,pass,32.0,1
mapped-host gather op,fragment_count_sweep,0,2048,random,65536,9.86,3,13.618,4096,13.624,13.625,13.625,13.625,0,2048,random,pass,128.0,1
aclrtMemcpyAsync/page,fragment_count_sweep,0,2048,random,65536,0.15,3,904.099,4096,891.467,924.744,928.903,932.231,0,2048,random,pass,128.0,1
aclrtMemcpyAsync/contig,fragment_count_sweep,0,2048,random,65536,3.93,3,34.134,4096,22.137,51.016,54.626,57.514,0,2048,random,pass,128.0,1
HBM gather op,fragment_count_sweep,0,2048,random,65536,555.86,3,0.241,4096,0.241,0.243,0.243,0.243,0,2048,random,pass,128.0,1
mapped-host gather op,locality_pattern_sweep,0,1024,sequential,4096,9.56,3,0.439,4096,0.431,0.451,0.454,0.456,0,1024,sequential,pass,4.0,1
aclrtMemcpyAsync/page,locality_pattern_sweep,0,1024,sequential,4096,0.16,3,26.919,4096,26.98,27.315,27.357,27.391,0,1024,sequential,pass,4.0,1
aclrtMemcpyAsync/contig,locality_pattern_sweep,0,1024,sequential,4096,1.93,3,2.168,4096,2.027,2.405,2.453,2.491,0,1024,sequential,pass,4.0,1
HBM gather op,locality_pattern_sweep,0,1024,sequential,4096,194.9,3,0.022,4096,0.017,0.028,0.029,0.031,0,1024,sequential,pass,4.0,1
mapped-host gather op,locality_pattern_sweep,0,1024,stride,4096,9.57,3,0.438,4096,0.432,0.45,0.452,0.454,0,1024,sequential,pass,4.0,1
aclrtMemcpyAsync/page,locality_pattern_sweep,0,1024,stride,4096,0.15,3,27.085,4096,25.872,28.845,29.217,29.514,0,1024,sequential,pass,4.0,1
aclrtMemcpyAsync/contig,locality_pattern_sweep,0,1024,stride,4096,1.81,3,2.319,4096,2.186,2.564,2.612,2.649,0,1024,sequential,pass,4.0,1
HBM gather op,locality_pattern_sweep,0,1024,stride,4096,199.29,3,0.021,4096,0.017,0.026,0.027,0.028,0,1024,sequential,pass,4.0,1
mapped-host gather op,locality_pattern_sweep,0,1024,random,4096,9.49,3,0.442,4096,0.443,0.451,0.452,0.453,0,1024,sequential,pass,4.0,1
aclrtMemcpyAsync/page,locality_pattern_sweep,0,1024,random,4096,0.11,3,37.956,4096,37.858,38.233,38.28,38.318,0,1024,sequential,pass,4.0,1
aclrtMemcpyAsync/contig,locality_pattern_sweep,0,1024,random,4096,1.46,3,2.883,4096,2.741,3.084,3.127,3.161,0,1024,sequential,pass,4.0,1
HBM gather op,locality_pattern_sweep,0,1024,random,4096,195.81,3,0.021,4096,0.018,0.027,0.028,0.029,0,1024,sequential,pass,4.0,1
mapped-host gather op,locality_pattern_sweep,0,1024,sequential,4096,9.55,3,0.439,4096,0.431,0.451,0.454,0.456,0,1024,stride,pass,4.0,1
aclrtMemcpyAsync/page,locality_pattern_sweep,0,1024,sequential,4096,0.16,3,26.863,4096,26.981,27.119,27.136,27.15,0,1024,stride,pass,4.0,1
aclrtMemcpyAsync/contig,locality_pattern_sweep,0,1024,sequential,4096,1.8,3,2.332,4096,2.183,2.614,2.667,2.71,0,1024,stride,pass,4.0,1
HBM gather op,locality_pattern_sweep,0,1024,sequential,4096,210.49,3,0.02,4096,0.017,0.024,0.025,0.026,0,1024,stride,pass,4.0,1
mapped-host gather op,locality_pattern_sweep,0,1024,stride,4096,9.59,3,0.437,4096,0.43,0.448,0.451,0.453,0,1024,stride,pass,4.0,1
aclrtMemcpyAsync/page,locality_pattern_sweep,0,1024,stride,4096,0.14,3,30.363,4096,30.821,31.484,31.567,31.633,0,1024,stride,pass,4.0,1
aclrtMemcpyAsync/contig,locality_pattern_sweep,0,1024,stride,4096,1.32,3,3.172,4096,3.001,3.684,3.769,3.837,0,1024,stride,pass,4.0,1
HBM gather op,locality_pattern_sweep,0,1024,stride,4096,248.58,3,0.017,4096,0.017,0.017,0.017,0.017,0,1024,stride,pass,4.0,1
mapped-host gather op,locality_pattern_sweep,0,1024,random,4096,9.45,3,0.444,4096,0.445,0.455,0.456,0.457,0,1024,stride,pass,4.0,1
aclrtMemcpyAsync/page,locality_pattern_sweep,0,1024,random,4096,0.15,3,28.033,4096,27.884,28.708,28.811,28.894,0,1024,stride,pass,4.0,1
aclrtMemcpyAsync/contig,locality_pattern_sweep,0,1024,random,4096,1.53,3,2.733,4096,2.628,3.089,3.146,3.192,0,1024,stride,pass,4.0,1
HBM gather op,locality_pattern_sweep,0,1024,random,4096,247.79,3,0.017,4096,0.017,0.017,0.017,0.018,0,1024,stride,pass,4.0,1
mapped-host gather op,locality_pattern_sweep,0,1024,sequential,4096,9.5,3,0.442,4096,0.432,0.456,0.459,0.462,0,1024,random,pass,4.0,1
aclrtMemcpyAsync/page,locality_pattern_sweep,0,1024,sequential,4096,0.13,3,31.297,4096,31.374,32.139,32.234,32.311,0,1024,random,pass,4.0,1
aclrtMemcpyAsync/contig,locality_pattern_sweep,0,1024,sequential,4096,1.4,3,2.995,4096,2.733,3.427,3.514,3.583,0,1024,random,pass,4.0,1
HBM gather op,locality_pattern_sweep,0,1024,sequential,4096,249.36,3,0.017,4096,0.017,0.018,0.018,0.018,0,1024,random,pass,4.0,1
mapped-host gather op,locality_pattern_sweep,0,1024,stride,4096,9.5,3,0.441,4096,0.445,0.448,0.449,0.449,0,1024,random,pass,4.0,1
aclrtMemcpyAsync/page,locality_pattern_sweep,0,1024,stride,4096,0.15,3,27.513,4096,27.743,27.794,27.801,27.806,0,1024,random,pass,4.0,1
aclrtMemcpyAsync/contig,locality_pattern_sweep,0,1024,stride,4096,1.5,3,2.803,4096,2.686,3.205,3.269,3.321,0,1024,random,pass,4.0,1
HBM gather op,locality_pattern_sweep,0,1024,stride,4096,226.07,3,0.019,4096,0.017,0.021,0.021,0.022,0,1024,random,pass,4.0,1
mapped-host gather op,locality_pattern_sweep,0,1024,random,4096,9.58,3,0.438,4096,0.43,0.449,0.452,0.454,0,1024,random,pass,4.0,1
aclrtMemcpyAsync/page,locality_pattern_sweep,0,1024,random,4096,0.15,3,28.118,4096,28.321,28.835,28.899,28.951,0,1024,random,pass,4.0,1
aclrtMemcpyAsync/contig,locality_pattern_sweep,0,1024,random,4096,1.52,3,2.763,4096,2.638,3.154,3.219,3.27,0,1024,random,pass,4.0,1
HBM gather op,locality_pattern_sweep,0,1024,random,4096,222.39,3,0.019,4096,0.017,0.021,0.021,0.022,0,1024,random,pass,4.0,1
mapped-host gather op,locality_pattern_sweep,0,1024,sequential,16384,9.82,3,1.708,4096,1.701,1.718,1.72,1.721,0,1024,sequential,pass,16.0,1
aclrtMemcpyAsync/page,locality_pattern_sweep,0,1024,sequential,16384,0.43,3,38.727,4096,38.08,42.274,42.799,43.218,0,1024,sequential,pass,16.0,1
aclrtMemcpyAsync/contig,locality_pattern_sweep,0,1024,sequential,16384,3.52,3,4.769,4096,4.494,5.169,5.253,5.321,0,1024,sequential,pass,16.0,1
HBM gather op,locality_pattern_sweep,0,1024,sequential,16384,525.49,3,0.032,4096,0.028,0.038,0.039,0.04,0,1024,sequential,pass,16.0,1
mapped-host gather op,locality_pattern_sweep,0,1024,stride,16384,9.82,3,1.708,4096,1.702,1.718,1.72,1.721,0,1024,sequential,pass,16.0,1
aclrtMemcpyAsync/page,locality_pattern_sweep,0,1024,stride,16384,0.11,3,146.127,4096,142.674,168.881,172.157,174.777,0,1024,sequential,pass,16.0,1
aclrtMemcpyAsync/contig,locality_pattern_sweep,0,1024,stride,16384,1.34,3,12.5,4096,12.636,12.749,12.763,12.774,0,1024,sequential,pass,16.0,1
HBM gather op,locality_pattern_sweep,0,1024,stride,16384,509.74,3,0.033,4096,0.031,0.038,0.039,0.04,0,1024,sequential,pass,16.0,1
mapped-host gather op,locality_pattern_sweep,0,1024,random,16384,9.36,3,1.792,4096,1.785,1.802,1.804,1.806,0,1024,sequential,pass,16.0,1
aclrtMemcpyAsync/page,locality_pattern_sweep,0,1024,random,16384,0.46,3,36.416,4096,36.495,36.581,36.591,36.6,0,1024,sequential,pass,16.0,1
aclrtMemcpyAsync/contig,locality_pattern_sweep,0,1024,random,16384,0.66,3,25.276,4096,25.137,25.69,25.76,25.815,0,1024,sequential,pass,16.0,1
HBM gather op,locality_pattern_sweep,0,1024,random,16384,575.09,3,0.029,4096,0.029,0.03,0.03,0.031,0,1024,sequential,pass,16.0,1
mapped-host gather op,locality_pattern_sweep,0,1024,sequential,16384,9.34,3,1.796,4096,1.794,1.802,1.803,1.804,0,1024,stride,pass,16.0,1
aclrtMemcpyAsync/page,locality_pattern_sweep,0,1024,sequential,16384,0.15,3,110.676,4096,110.619,110.887,110.921,110.948,0,1024,stride,pass,16.0,1
aclrtMemcpyAsync/contig,locality_pattern_sweep,0,1024,sequential,16384,0.79,3,21.173,4096,20.496,22.332,22.561,22.745,0,1024,stride,pass,16.0,1
HBM gather op,locality_pattern_sweep,0,1024,sequential,16384,494.9,3,0.034,4096,0.034,0.038,0.039,0.039,0,1024,stride,pass,16.0,1
mapped-host gather op,locality_pattern_sweep,0,1024,stride,16384,9.34,3,1.797,4096,1.793,1.807,1.808,1.81,0,1024,stride,pass,16.0,1
aclrtMemcpyAsync/page,locality_pattern_sweep,0,1024,stride,16384,0.45,3,37.514,4096,37.544,37.676,37.693,37.706,0,1024,stride,pass,16.0,1
aclrtMemcpyAsync/contig,locality_pattern_sweep,0,1024,stride,16384,0.65,3,25.627,4096,24.875,26.885,27.136,27.337,0,1024,stride,pass,16.0,1
HBM gather op,locality_pattern_sweep,0,1024,stride,16384,530.14,3,0.032,4096,0.029,0.036,0.037,0.038,0,1024,stride,pass,16.0,1
mapped-host gather op,locality_pattern_sweep,0,1024,random,16384,9.33,3,1.799,4096,1.796,1.806,1.808,1.809,0,1024,stride,pass,16.0,1
aclrtMemcpyAsync/page,locality_pattern_sweep,0,1024,random,16384,0.41,3,40.716,4096,40.086,41.991,42.229,42.419,0,1024,stride,pass,16.0,1
aclrtMemcpyAsync/contig,locality_pattern_sweep,0,1024,random,16384,0.66,3,25.336,4096,25.093,26.446,26.616,26.751,0,1024,stride,pass,16.0,1
HBM gather op,locality_pattern_sweep,0,1024,random,16384,599.04,3,0.028,4096,0.028,0.029,0.029,0.029,0,1024,stride,pass,16.0,1
mapped-host gather op,locality_pattern_sweep,0,1024,sequential,16384,9.29,3,1.806,4096,1.806,1.81,1.81,1.81,0,1024,random,pass,16.0,1
aclrtMemcpyAsync/page,locality_pattern_sweep,0,1024,sequential,16384,0.1,3,174.698,4096,171.338,182.272,183.638,184.732,0,1024,random,pass,16.0,1
aclrtMemcpyAsync/contig,locality_pattern_sweep,0,1024,sequential,16384,0.65,3,25.773,4096,25.378,26.491,26.63,26.741,0,1024,random,pass,16.0,1
HBM gather op,locality_pattern_sweep,0,1024,sequential,16384,605.68,3,0.028,4096,0.028,0.028,0.028,0.028,0,1024,random,pass,16.0,1
mapped-host gather op,locality_pattern_sweep,0,1024,stride,16384,9.33,3,1.798,4096,1.791,1.811,1.814,1.816,0,1024,random,pass,16.0,1
aclrtMemcpyAsync/page,locality_pattern_sweep,0,1024,stride,16384,0.45,3,37.241,4096,37.374,37.383,37.385,37.386,0,1024,random,pass,16.0,1
aclrtMemcpyAsync/contig,locality_pattern_sweep,0,1024,stride,16384,0.63,3,26.552,4096,26.474,27.309,27.414,27.497,0,1024,random,pass,16.0,1
HBM gather op,locality_pattern_sweep,0,1024,stride,16384,559.36,3,0.03,4096,0.028,0.034,0.034,0.035,0,1024,random,pass,16.0,1
mapped-host gather op,locality_pattern_sweep,0,1024,random,16384,9.34,3,1.797,4096,1.792,1.805,1.807,1.808,0,1024,random,pass,16.0,1
aclrtMemcpyAsync/page,locality_pattern_sweep,0,1024,random,16384,0.08,3,211.35,4096,210.01,214.355,214.898,215.333,0,1024,random,pass,16.0,1
aclrtMemcpyAsync/contig,locality_pattern_sweep,0,1024,random,16384,0.67,3,25.113,4096,24.98,25.641,25.724,25.79,0,1024,random,pass,16.0,1
HBM gather op,locality_pattern_sweep,0,1024,random,16384,589.09,3,0.028,4096,0.029,0.029,0.029,0.029,0,1024,random,pass,16.0,1
mapped-host gather op,locality_pattern_sweep,0,1024,sequential,65536,9.41,3,7.135,4096,7.138,7.141,7.141,7.141,0,1024,sequential,pass,64.0,1
aclrtMemcpyAsync/page,locality_pattern_sweep,0,1024,sequential,65536,0.46,3,146.609,4096,45.696,289.471,319.943,344.321,0,1024,sequential,pass,64.0,1
aclrtMemcpyAsync/contig,locality_pattern_sweep,0,1024,sequential,65536,2.18,3,30.766,4096,22.616,46.025,48.951,51.292,0,1024,sequential,pass,64.0,1
HBM gather op,locality_pattern_sweep,0,1024,sequential,65536,954.61,3,0.07,4096,0.07,0.071,0.071,0.071,0,1024,sequential,pass,64.0,1
mapped-host gather op,locality_pattern_sweep,0,1024,stride,65536,9.41,3,7.128,4096,7.126,7.133,7.133,7.134,0,1024,sequential,pass,64.0,1
aclrtMemcpyAsync/page,locality_pattern_sweep,0,1024,stride,65536,1.45,3,46.188,4096,45.31,47.839,48.155,48.408,0,1024,sequential,pass,64.0,1
aclrtMemcpyAsync/contig,locality_pattern_sweep,0,1024,stride,65536,2.07,3,32.467,4096,24.222,47.674,50.605,52.95,0,1024,sequential,pass,64.0,1
HBM gather op,locality_pattern_sweep,0,1024,stride,65536,965.32,3,0.07,4096,0.069,0.07,0.07,0.07,0,1024,sequential,pass,64.0,1
mapped-host gather op,locality_pattern_sweep,0,1024,random,65536,9.41,3,7.133,4096,7.132,7.134,7.134,7.135,0,1024,sequential,pass,64.0,1
aclrtMemcpyAsync/page,locality_pattern_sweep,0,1024,random,65536,1.4,3,47.889,4096,47.48,48.891,49.068,49.209,0,1024,sequential,pass,64.0,1
aclrtMemcpyAsync/contig,locality_pattern_sweep,0,1024,random,65536,2.03,3,33.078,4096,25.435,47.876,50.681,52.926,0,1024,sequential,pass,64.0,1
HBM gather op,locality_pattern_sweep,0,1024,random,65536,961.81,3,0.07,4096,0.07,0.07,0.07,0.07,0,1024,sequential,pass,64.0,1
mapped-host gather op,locality_pattern_sweep,0,1024,sequential,65536,9.39,3,7.15,4096,7.145,7.157,7.159,7.16,0,1024,stride,pass,64.0,1
aclrtMemcpyAsync/page,locality_pattern_sweep,0,1024,sequential,65536,1.72,3,38.989,4096,38.919,39.434,39.498,39.55,0,1024,stride,pass,64.0,1
aclrtMemcpyAsync/contig,locality_pattern_sweep,0,1024,sequential,65536,1.79,3,37.454,4096,25.284,59.84,64.159,67.615,0,1024,stride,pass,64.0,1
HBM gather op,locality_pattern_sweep,0,1024,sequential,65536,967.17,3,0.069,4096,0.07,0.07,0.07,0.07,0,1024,stride,pass,64.0,1
mapped-host gather op,locality_pattern_sweep,0,1024,stride,65536,9.38,3,7.153,4096,7.15,7.163,7.165,7.166,0,1024,stride,pass,64.0,1
aclrtMemcpyAsync/page,locality_pattern_sweep,0,1024,stride,65536,1.54,3,43.619,4096,42.874,44.747,44.981,45.168,0,1024,stride,pass,64.0,1
aclrtMemcpyAsync/contig,locality_pattern_sweep,0,1024,stride,65536,1.66,3,40.471,4096,28.454,62.477,66.73,70.132,0,1024,stride,pass,64.0,1
HBM gather op,locality_pattern_sweep,0,1024,stride,65536,962.36,3,0.07,4096,0.07,0.07,0.07,0.07,0,1024,stride,pass,64.0,1
mapped-host gather op,locality_pattern_sweep,0,1024,random,65536,9.38,3,7.154,4096,7.148,7.163,7.164,7.166,0,1024,stride,pass,64.0,1
aclrtMemcpyAsync/page,locality_pattern_sweep,0,1024,random,65536,1.53,3,43.913,4096,43.359,44.939,45.136,45.294,0,1024,stride,pass,64.0,1
aclrtMemcpyAsync/contig,locality_pattern_sweep,0,1024,random,65536,1.78,3,37.757,4096,28.999,52.511,55.45,57.801,0,1024,stride,pass,64.0,1
HBM gather op,locality_pattern_sweep,0,1024,random,65536,955.51,3,0.07,4096,0.07,0.071,0.071,0.071,0,1024,stride,pass,64.0,1
mapped-host gather op,locality_pattern_sweep,0,1024,sequential,65536,9.39,3,7.145,4096,7.143,7.148,7.148,7.148,0,1024,random,pass,64.0,1
aclrtMemcpyAsync/page,locality_pattern_sweep,0,1024,sequential,65536,1.74,3,38.664,4096,38.64,39.733,39.869,39.979,0,1024,random,pass,64.0,1
aclrtMemcpyAsync/contig,locality_pattern_sweep,0,1024,sequential,65536,1.81,3,37.162,4096,28.189,52.488,55.525,57.955,0,1024,random,pass,64.0,1
HBM gather op,locality_pattern_sweep,0,1024,sequential,65536,957.42,3,0.07,4096,0.07,0.071,0.071,0.071,0,1024,random,pass,64.0,1
mapped-host gather op,locality_pattern_sweep,0,1024,stride,65536,9.39,3,7.15,4096,7.146,7.157,7.158,7.159,0,1024,random,pass,64.0,1
aclrtMemcpyAsync/page,locality_pattern_sweep,0,1024,stride,65536,1.62,3,41.483,4096,40.617,43.013,43.313,43.552,0,1024,random,pass,64.0,1
aclrtMemcpyAsync/contig,locality_pattern_sweep,0,1024,stride,65536,1.79,3,37.467,4096,34.01,47.291,48.951,50.279,0,1024,random,pass,64.0,1
HBM gather op,locality_pattern_sweep,0,1024,stride,65536,966.62,3,0.069,4096,0.07,0.07,0.07,0.07,0,1024,random,pass,64.0,1
mapped-host gather op,locality_pattern_sweep,0,1024,random,65536,9.38,3,7.154,4096,7.149,7.165,7.167,7.168,0,1024,random,pass,64.0,1
aclrtMemcpyAsync/page,locality_pattern_sweep,0,1024,random,65536,1.7,3,39.51,4096,38.771,40.561,40.785,40.964,0,1024,random,pass,64.0,1
aclrtMemcpyAsync/contig,locality_pattern_sweep,0,1024,random,65536,1.85,3,36.288,4096,27.937,50.52,53.343,55.602,0,1024,random,pass,64.0,1
HBM gather op,locality_pattern_sweep,0,1024,random,65536,967.54,3,0.069,4096,0.069,0.07,0.07,0.07,0,1024,random,pass,64.0,1
